62757943616c6c4261636b537769746368,00c0010b004fa75ac52c9ef875
636f6d6d6f6e4361636865,00c3414d41ec1f7b22636f756e747279223a227964222c2263757272656e637954797065223a31122c2270617955726c73223a7b2261706e615061202a067b22746f6b656e20331138353761333030663435303836643332376220110a373365323661373035346320518040202b0968747470733a2f2f696e20120f2e6a756e676c657370696e2e6e65742f2012062f6372656174652061044f72646572203a0a656e7669726f6e6d656e74203f0970726f64756374696f6e201a05736561726368202b209c201be0185b047175657279202e07227d7d2c22646f74203660d30075e01a3e0a6f696e742f73656e6445764089002c80fd203e005be12408036170705fc1370e633468333767687766783163227d2ce0014705396439383936414b1538623830383039656230643131633738613838326630207de003470e766b627063386e657766656f227d5de11232017d7d0b006b85eeb4b00fa02b
65766572796461794c75636b79436f696e,0401c1e23ac3408740cd127b226c75636b79436f696e223a352c22646f4cc00f075461736b223a302ce0012180110031c0120c52757368537461727454696d6520170b373138323733383335373632a035402202456e64e0022002393534e003204078024765742046027475732043a0374016406de0021a207500708070c0290363757272402804436f756e742020007d0b00db274fff35653983
67616d626c696e6742616c616e6365476f6c64,001a35343932393735302e37363030303030353230373234323739330b00d23b13a37c0ce493
67616d65436f6e666967,040c0e426c75654469616d6f6e64323838c3429d44c9147b2267616d654964223a3238382c22736572766572400e02313531401003706f7274201b800c402a004e202e0e223a22426c75654469616d6f6e642240360f6e644d6573736167655f6d756c223a35802c02547970202c0c322c22626574734a61636b706f204d015b7b400f2062022c226a801309496e646578223a307d2ca01a2032e00f1a205ae0051a0031e00035013130e0111b0032e0081b0032e000370033e0121b0035e0081b0033e00037013130e0121c0035e0131c2039e00a3a005d2128056173654c696e2135027b226c2007045f636f756e812b02636f6cc00d01332c801c08646972656374696f6e21910330783031218a60340272756c20410374727565a0100d77696e5f6c6f7765725f6c696d69204f20410469636f6e5fa14ae0051c215102226e4721e84089007321b0065b312c322c335d209f403403496e666f4015007b600d015f7461e420ce401b015f6e2036208d06e6a8b1e6a18322412a6016802421f1600da02405e8939d424152e0072421fbe0032402e7bbbfe00a24c0bfa04902e9bb84e00a240034e005490037e00769224ae003690c57494c4420616e642066726565214a601b007360ba005f401bc151e00317602aa169400b035f74696d41322142e004f90036a036a0afa176e00664c015604fe00640013939e0054106e6a8aae7babf224233408f0142692388013a5b21a122260457656967682046025b5b334267003240046271200e8008200d4003025d2c5b201c4009a025a02040114003201f202901302c42cb4003202c6017600460202070407e83f5025b5b354031003820040032400400334004003880044005404fe00032015661244240336015032e312c3140362054200601313120892007013331207620070035201d608d01353060096044416e01526122fd216d01307d0c636f6e74726f6c4177617264c3405640b20d5b5b5b36305d2c5b353030302c324004003120080638302c35302c332005005d201b202120112008e0142420330039e00524804200324052012c3460480039400be0052420368027e00024e0102105352c305d5d5d0b667265657370696e323239c342de45bd147b2267616d654964223a3232392c22736572766572400e02313531401003706f7274201b800c402a004e202e0b223a22667265657370696e2240330f6e644d6573736167655f6d756c223a3580290254797020290c302c22626574734a61636b706f204a015b7b400f205f022c226a801304496e6465782028017d2ca01a0032e0111a205ae005350031e0003500312069e00f1b0032e0081b0032e000370033e0121b0035e0081b0033e00037013130e0121c0035e0131c2039e00a3a005d2128056173654c696e2135027b226c2007045f636f756e812b02636f6ce0020d601c08646972656374696f6e218e0330783031218a60170272756c20410374727565a0100d77696e5f6c6f7765725f6c696d69804f0469636f6e5fa12ee0061c047d2c226e4721e54089007321b0025b315d209b403003496e666f4011007b600d015f74c1e0401b015f6e20322089a053208c601500736025c06980964142601c80402209600da04003302e3422e006212210e0032102382e30e007210033e0052102302e36e007210034e0052102322e30e00844225ce0036602302e32e007440036e007210038e007210037e018210038e00521434802207835e1062f4015812c002c6021035f74696d418c0035e1061923b2e003b24036404ce00625431ae00326e10a620031e1068501312ee00945e106860032e108400031e10886e108410031e10687e108eb0031e10b85a27f0242696e24a8005b200d230e0457656967682251229f02302c31437002312c32435902352c322007032c382c3260142017200d60124016200c02302c3320030038200302393030c2db84ba055b5b305d2c5b20b720050036201c400b003420052035200521ef20050035800a0031200a40090032400402302e35200e0031400a4017400c003320100032c05d0356616c7521d0205e032e30322c802d22a4002c402c00322093202b2181003340070233312c60610135312017401001353080d8404b41e001526123f4231401307d0e67616e65736861676f6c64323633c3430345f1147b2267616d654964223a3236332c22736572766572400e02313531401003706f7274201b800c402a004e202e01223a200a096e65736861676f6c642240360f6e644d6573736167655f6d756c223a35802c02547970202c0c312c22626574734a61636b706f204d015b7b400f2017002e2026006a801509496e646578223a307d2ce0001c0038e0111c0036e0071a0031e000370039e0111a00322088e0056e0032e00036013330e0111b0036e0081b0033e00037013132e0121c013630e0121c0039e00b1c005d212a056173654c696e2137027b226c2007045f636f756e212d219d02636f6cc00d2139601c08646972656374696f6e21930330783031218c60170272756c20410374727565a0100d77696e5f6c6f7765725f6c696d69804f0469636f6e5fa111e0051c214f02226e4721ea4089007321b20d5b342c352c365d2c5b312c322c33200704372c382c3920070031201740070037200701335d20bf405403496e666f4035007b600d015f746206210b401b015f6e205620ad014a2241446011801f219d600da01f0051e0071f0032e0051f004be0071f2120e0033f0041e0071f0034e0051f02e7a297e007212154e0034105e88ab1e7afaee00724227be0032402e781afe007210037e0062104be8ee5a5b3e0072422dde00346036672656521bb601200736110005f6012a1c2400b035f74696d418b003163246029813822f2600da13801576963936012a04a0357494c44804ae10773e10694a20ce00689c015608c42a3405b0242696e2435005b21f122960457656967682020015b5b42f34003003522de40030034200700332003003120030035400a002c233101313022394025400340254003e08d2920df40ed84d6025b5b3522f601313520bde00008200f40d62012e0010920110331352c344027200720f30036401f20f80034232c400a60122023400b01302c2001203e2005e00207a0770356616c752205015b5b6021052e312c302e38202b003220742006013131205c200700332385400701353120176008003023a70030200a204606626f6e757352612424223b007d0d4772616e64576865656c323837c34294449d147b2267616d654964223a3238372c22736572766572400e02313531401003706f7274201b800c402a004e202e0d223a224772616e64576865656c2240350f6e644d6573736167655f6d756c223a35802b02547970202b0c302c22626574734a61636b706f204c015b7b400f2061022c226a801304496e6465782028017d2ca01a0032e0111a205ae005350031e0003500312069e00f1b0032e0081b0032e000370033e0121b0035e0081b0033e00037013130e0121c0035e0131c2039e00a3a005d2128056173654c696e2135027b226c2007045f636f756e812b02636f6cc00d01332c801c08646972656374696f6e21900330783031218a60340272756c20410374727565a0100d77696e5f6c6f7765725f6c696d69204f20410469636f6e5fa12ee0051c215102226e4721e74089007321b0065b312c322c335d209f403403496e666f4015007b600d015f74c1e4401b015f6e2036208d06e6a8b1e6a18322412a6016802421f1600dc024049fa0e6aaace0072421fbe0042404a998e5ad90e00724c0bfa04905e891a1e89084e007240034e0054905e99383e9939be00724224fe0036e0037e0071f0036e0051f08e5bc80e5ae9de7aeb1216b6037007360db0a5f6f70656e426f78436172234a4179e006fa235b602ea0b0a177e00644c0158040a16e0242696e2052005b200d22010457656967682020025b5b3622414003426740030034200f2256200b042c315d2c5b400ee003030033201ae0121e0032e0031e206a60ab63ca025b5b33204e0035200300382003003140040033400400384004003020120030c02f0356616c7521fb005b20112015042e312c302e40230034207720100131312083200701333120a22007013531201760080030225d230f404606626f6e7573526122d2222c01307d0f446967446967446967676572323836c343224623147b2267616d654964223a3238362c22736572766572400e02313531401003706f7274201b800c402a004e202e05223a224469678002036765722240370f6e644d6573736167655f6d756c223a35802d02547970202d0c302c22626574734a61636b706f204e015b7b400f2063022c226a801304496e6465782028017d2ca01a0032e0111a205ae005350031e0003500312069e00f1b0032e0081b0032e000370033e0121b0035e0081b0033e00037013130e0121c0035e0131c2039e00a3a005d2128056173654c696e2135027b226c2007045f636f756e212b05332c22636f6cc00d2103601c08646972656374696f6e21920330783031218a60170272756c20410374727565a0100d77696e5f6c6f7765725f6c696d69204f21600469636f6e5fa12ee0051c215102226e4721e94089007321b0165b362c372c382c392c31305d2c5b312c322c332c342c35400b0b312c31322c31332c31342c3160102029200e0039c01d0037202a2037401a0036a03760440036e00237c0540038e0014560560038a064602b400c2029212340b803496e666f4099007b600d015f74c268401b015f6e20ba211103e89b872241ab601380212272600da021004ae0071fc116a01f0051e0071f2186e0033f004be0071f0034e0051f08e4b889e8a792e5bda2e0072721c0e0034708e4bb99e5a5b3e6a392e007272393e0032708e7bbbfe794b2e899abe007270037e006270493a6e7bd90e007240038e00624049fbfe5b7a5e007240039e005240357494c442255608400736144005f6012a25ce003170266726521754274e1077422ea6028a155a273e00656c0158041a1e60242696e249b005b200d22fd0457656967682020025b5b32433e600463480038234c436e00336007002c6015229be00120e02225602ae0084c208060c164dc015b5b2021207e402b2066e0150c003420260035c026e0000c003520ab403e012c37601be0080e20280034201d40c12061214020964003206b2004201240e52001e00209a0a20356616c75218620a3401b052e312c302e38200923a340102357003340070133312048201600352367604f01353023d5405a204606626f6e7573526124572592007d0f666f7274756e657469676572323638c342c9451e147b2267616d654964223a3236382c22736572766572400e02313531401003706f7274201b800c402a004e202e03223a2266201708756e6574696765722240370f6e644d6573736167655f6d756c223a35802d02547970202d0c302c22626574734a61636b706f204e015b7b400f2063022c226a801304496e6465782028017d2ca01a0032e0111a205ae005350031e0003500312069e00f1b0032e0081b0032e000370033e0121b0035e0081b0033e00037013130e0121c0035e0131c2039e00a3a005d2128056173654c696e2135027b226c2007045f636f756e212b05332c22636f6ce0020d601c08646972656374696f6e21920330783031218a60170272756c20410374727565a0100d77696e5f6c6f7765725f6c696d69804f0469636f6e5fa12ee0061c047d2c226e4721e94089007321b00d5b342c352c365d2c5b312c322c33200704372c382c3920070031201740070037200701335d20bf405403496e666f4035007b600d015f74c204401b015f6e205620ad06e6a998e5ad9022414a601680242211600da02405e99eade782aee00724221be0032405e7baa2e58c85e00724212fe0042404a68fe8a28be007240034e0052405e5a682e6848fe00724226fe0034905e58583e5ae9de007240036e005240357494c44218b6037007360db005f60126192e006f30037a027a0f30be7a9bae799bde59bbee6a188e00642096f70656e426f7843617223af41dce0064923c06071a049a1dae00644c0158040a1b10242696e2052005b200d22640457656967682020025b5b3242a5600462af003822b342d500336007002c60152203e00120e02225602ae0084c208060c1006d4443015b5b426900352061003820030031606a400d203a200f01323540058003a0360356616c75225b005b8015042e312c302e40390032206c203001313120b82007003322b3400701353120176008003022d520e9404606626f6e757352612352228c007d0b7365727665723939393938c34049405b027b0a2020000a2267616d654964223a2039200001382c8014057365727665726016043133303030a01603706f727420290032e00212403e004e204220160922e5a4a7e58e85220a7d0e42756666616c6f4b696e67323835c343094678147b2267616d654964223a3238352c22736572766572400e02313531401003706f7274201b800c402a004e202e0e223a2242756666616c6f4b696e672240360e6e644d6573736167655f6d756c223a204a402c02547970202c0c312c22626574734a61636b706f204d015b7b400f6017006a801309496e646578223a307d2ca01a0032e0111a205ae005350031e00035013130e0111b0032e0081b0032e000370033e0121b0035e0081b0033e00037013130e0121c0035e0131c2039e00a3a005d2128056173654c696e2135027b226c2007045f636f756e212b05342c22636f6cc00d01362c801c08646972656374696f6e21910330783031218a60340272756c20410374727565a0100d77696e5f6c6f7765725f6c696d69204f07332c2269636f6e5fa14ae0051c215102226e4721e84089007321b00d5b342c352c365d2c5b312c322c33200704372c382c3920070031201740070037200701335d20bf405403496e666f4035007b600d015f74620420ee401b015f6e205620ad01392241456011801f2224600da01f013130e007202212e00320004ae0071fc0d1a0400051e0071f2141e0033f004be0071f2257e0031f0041e0071f2173e0031f02e9b9bfe007210037e0052102e78bbce007210038e0052105e88081e8998ee007240039e0052402e9b9b0e0072142e7e0048b04878ee7899be00825e1065204426f6e75732221603900736176035f667265218d4228e1078ee1066e0357494c44e0063b6012e00c3be1068aa263e0063ec0158041a23a0242696e248a005b200d22ed0457656967682020025b5b36232d4003435340030034200f003320032346200f200a002c23de01313022904025400340254003e08d2920df6185006d452b005b234504322c342c3820bee0030902332c3680d3e0020a6027022c3132202ae0020a203b201321032016e0030b403f2015022c32352018e0040c003880162139201901302c6001e00c09a0a90356616c752228015b5b6025042e312c302e40ae0032a0a020a140180033240e400701353120176008003020d024ea40460062427e01526124ad22c0007d0e62726f6164636173743939393937c3404f4061027b0a2020000a2267616d654964223a2039200001372c8014057365727665726016043133303031a01603706f727420290032e00212403e004e204220160f22e6b688e681afe68ea8e98081220a7d106a756e676c6564656c69676874323732c343794710147b2267616d654964223a3237322c22736572766572400e02313531401003706f7274201b800c402a004e202e10223a226a756e676c6564656c696768742240380f6e644d6573736167655f6d756c223a35802e02547970202e0c302c22626574734a61636b706f204f015b7b400f2064022c226a801304496e6465782028017d2ca01a208ce00f1a205ae0051a0031e0003500312069e00f1b0032e0081b0032e000370033e0121b0035e0081b0033e00037013130e0121c0035e0131c2039e00a3a005d2128056173654c696e2135027b226c2007045f636f756e212b05332c22636f6cc00d2103601c08646972656374696f6e21930330783031218a60170272756c20410374727565a0100d77696e5f6c6f7765725f6c696d69804f0469636f6e5fa12ee0051c215102226e4721ea4089007321b0165b362c372c382c392c31305d2c5b312c322c332c342c35400b0b312c31322c31332c31342c3160102029200e0039c01d0037202a2037801a00322044e003370038e000360036e0024640630036202b4063600c4045407d6044c00c60524097605f8033a07aa00d405fa041605e806d402940434036e0005060b1605180a4e000cd60de4046402a8052401b01305d21ab414003496e666f4121007b600d015f74c2f0401b015f6e2142219906e8939de88e932242366016802422fd600da02408e799bee9a699e69e9ce00727230ae0032705e69da8e6a183e00724221ee0032402e88bb9e00a490034e00524206e02e89589e00749225ae00449048fa0e8909de007240036e0062403a5bfe793e008b80037e0052410e5ae9de7aeb128e7a9bae799bde7898c2922ac6069007361100a5f6f70656e426f78436172248e42bae1062f0038a02ea12f0366726565e006416012e00b3a0039e0053a0357494c44e0063a6012e00b3a445260a5a076a32fe0063ec0158041a21a0242696e20c9005b200d23b9015765652a434a23f94003441f40030034200f00332003241220032012012c382008235a4018e0030340244003e0182800322049e05c2820da611b65f2025b5b354328435e400800354008237640ec20cc0038209520d820092011256f20c4200b20080036400e400b201120186019400e01302c200120222005e00a07a0790356616c7521f2015b5b6029052e312c302e3820332490401023bc00334007013331808d003523cc605b01353023e5406620464234015261254321eb007d12556c74696d617465537472696b6572323833c342d44599147b2267616d654964223a3238332c22736572766572400e02313531401003706f7274201b800c402a004e202e12223a22556c74696d617465537472696b657222403a0f6e644d6573736167655f6d756c223a358030025479702030205b09626574734a61636b706f2051015b7b400f2059022c226a801309496e646578223a307d2ca01a0034e0111a0036e0071a0031e000350038e0111a013130e0071b0032e000360032e0121b0034e0081b0033e000370036e0121b0038e0121b013130e00a1c005d2124056173654c696e2131027b226c2007045f636f756e212720f102636f6ce0020d601c08646972656374696f6e21910330783031218660170272756c20410374727565a0100d77696e5f6c6f7765725f6c696d69204f218f0469636f6e5fa17ce0051c214d02226e4721e84089007321ac065b312c322c335d209f403403496e666f4015007b600d015f7461e020ce401b015f6e2036208d023130224123601280200031e00520004ae0071f2209602da0400051e0071fc0b1a01f004be0071f222ee0033f0041e0071f228ee0031f05e593a8e5ad90e007242166e0032405e9bb84e6a38be00a270037e0052705e6898be5a597e0074c228ae0034c05e79083e99e8be007240039e0062404adb9e7a081e0072442b9e0034a02e8b6b3204de00825e1066203667265652211603800736185005f6012a218400b005f23c541e121f1e105ace1068d0357696c64e0064a0357494c44804ae0073be106a9a262e0063ec015608c42f940a60242696e2489005ba2678446a27c032c345d2c8286e0100922a2032c352c38202701382c21310431352c3230e0070cc017012c33401a6022042c32352c35400d200a0233302c23ed0036400d800a0335302c38400d01302c6001204e6007e00409a0ae0356616c75215c015b5b6025032e312c31202d003220892006219a60700133312051200f0035201d003060080030235a0030200a2044419001526123ce22ac007d0b0090df34494e5bc7db
68616c6c436f6e666967,04111566697273745f72656368617267655f636f6e666967c340c740ee1f7b2266697273745265636861726765476f6f6473223a5b7b226964223a312c220d74797065223a302c2267726f75706012026e616d20121a22e9a696e58585e7a4bce58c85222c22446973636f756e745f7469401e09372c2276616c223a3630203b0a736f757263655f70726963203960120074406d0074c012003340250863757272656e63795fe000730a6275795f70696374757265e005140064c06c07726174696f223a32403f402d0369636f6ea02a20bc0a73696c7665725f636f696e20c3027d5d7d0f65786368616e67655f636f6e666967c340ee425f155b7b226964223a312c2274797065223a362c226e616d20081722e58591e68da2e98791e5b8815831222c22676f6f647354602505302c2276616c203620080a7461726765745f707269632036023330302013086275795f74696d65734022017d2c80630032202b603de00e630032e00d630032204fe005630034e007630035c0620033202ae013620035e00d620035e008620036e007620032c0620034e01662013130e00d6300314117e005c720124014e1032cc0650035202be013c80036e00e6520b72039e10491003520642014e00b652188e0146520a0e010cc2052e00567003820132014e00367017d5d17626c61636b5f77686974655f6c6973745f636f6e666967c3412c43141f7b22626c61636b223a5b7b226c6576656c223a352c2272656261746552617469106f223a34302c2277696e53636f72654d7520200034e0010f025365632023076e223a3830307d2ce000422021e004420035e007420033e00a420036e004422021e004420036e0074201322e20a8c097e000870035e004440032e006440037e00844e00a420034e004420031e006420038e007420031e00c8700332044075d2c226e6f726d612132e1015de0074f0039e0084fe00a920032804d047768697465e0144ce002cf61aa002de00b4d002d404ee101ac2033e10469003921bdc157a044e00ce2002d40e3e00146e107b0013936e007462068c057e100af002de1056d207ae0058b0038e00133808be10df6002de105f72219e00446013130e10765002d20aee0098c4282015d7d0e7369676e5f696e5f636f6e666967c340a941df0d5b7b226964223a312c226177617220090e5b7b2274797065223a392c2276616c201a08302c22696d61676554601602307d5d601804526174696f200e032e317d2c80430032e011430032e016430032c0430033e011430033e01643e000870034e011430034e005430031e007cbe000870035e011430035e005430032e00743e000870036e01143013130e005440033e00744e000880037e011440032e006440034e0074402367d5d116c75636b795f636f696e5f636f6e666967c340be412c147b226c75636b795275736854696d65223a3336302c80130e436f696e4765744c696d6974223a35e00215065461736b223a312028087475726e7461626c65402c6024e00011094275794d756c507269632055045b7b22696420320d2c2263757272656e63795f7479702018204300708022013130200b056d756c223a3820080773696c7665725f6320832056017d2c803f0032e0133f00352036603f0131322009e004400037c0400033e012400032e000806009e004400431307d5d7d16646973636f756e744c696d697465645f636f6e666967c3406e40831a5b7b226964223a312c22446973636f756e745f74696d65223a3630e0021208424f4e5553223a323020140a736f757263655f707269632026601205746172676574c012003140250b63757272656e63795f74797020262037800820680f73696c7665725f636f696e223a357d5d0b73686f705f636f6e666967c3420c4810175b7b226964223a312c2274797065223a302c2267726f75706009026e616d20120f22e98791e5b881e7a4bce58c85e5a4a780080631222c2276616c203a003020330a736f757263655f707269632031601205746172676574e004120863757272656e63795fe0006b0a6275795f70696374757265e005140d646973636f756e745f726174696f608d402b0369636f6ea02820b240110573696c766572e00944a01703636f696e603d077669705f61646469204d2010043230307d2c80fa003220aae025fa0032c0fa0033e009fa6012e005fa6012e044fa2170e03cfa003320aae025fa0033c0fa0035e009fa02353035204fe104f56025e01bfaa1cce107f5624840eae102f7e013fc2046e104f7607fe110f9003420aee025fe0034c0fe20982087e207f500352013e105008027e1320160c1e135012094e1100241b1e125020035c10223422059e10502023231322013e105028027e11b02238940e9e20704003640674018e21e042046e2040420934041e11003003620b1e125030036c103219d20efe10503013533e209068027e1320300374067e1320320934041e110030037e128030037c10342e2e1080401313060b1e20509a029e11b06249940ede2070a60544018e21e0a2046e2040a203f40abe11006003820b2e2250a0038c1064264e1080601323162bce10506a029e11b0624a140ede10706003840694018e12e0640954042e10907005d107475726e7461626c655f636f6e666967c3412542191f7b22636f696e436f6e666967223a5b312c352c31352c33305d2c22626173654c07696e65223a7b226c2007095f636f756e74223a312c2033006ce0000d07307d2c226e47616d602b00734043203b0769636f6e496e666f400f007b600d035f747970204a0030801b015f6e203006223a2231227d2ce0041f205c403bc01f0032e0071f0032e0051f0033e0071f0033e0051f0034e0071f0034e0051f0035e0071f0035e0051f0036e0071f0036e0051f013130e007200037e005200032e008200038e017200039e0052000342041a1510342696e642160419c2181045765696768218f065b5b313830302ce002040035400e003020044017400c40030032200f2014005da04b035f6d756c203b0a312c322c332c342c352c36201d202440020334305d7d0c73636f72655f636f6e666967197b2273636f72655f616d6f756e745f726174696f223a31307d116d6f6e74685f636172645f636f6e666967c3419a43d91f7b226d6f6e746843617264476f6f6473223a5b7b226964223a312c227479706560080c67726f7570223a302c226e616d20121f22e69c88e58da1e98791e5b881e5a4a7e7a4bce58c85e4b880222c2276616c22023a3330202b0a736f757263655f707269632033013435201205746172676574c01260250863757272656e63795f806d20240a6275795f70696374757265e005140d646973636f756e745f726174696f20994052402d0369636f6ee0012a0366697273202302656368406d055f676966745fa0d1402c202b0474696e75652021007720f5035f676f6c20ee0035e00d1c02646961211f201fa097e0003c02646179212b003120360573696c766572201901696e20460330307d2c8140003220eee1264001ba8cc14020472059e1044000394012e105406025e13340003820654113e11d4020d1402ce10003e104400032a04ae0071de117412036e10441013230e10142003320f0e11642e2027d0089c13c003120422055e1043d4056204d4211e2007f8027e1323f20548112e11d3f20cee1113f208ce00d1ee11640e2078120472140015d7d166e657768616e645f70726f746563745f636f6e666967c340ba411c1f7b2267697665476f6c64223a32302c2270726f7465637453636f7265223a3430003020130672656368617267200f0033800e1f62617465526174696f223a3130352c226e65776269657250617274223a5b302c40010033200180078005800702302c35200380010032200702362c3420058001802302322c31200940110033200940238009c027803f0033e000190032200b0033e0001d0030e00009403b803dc0014055402b4063804d400b4003c0014071400b6039015d7d1462616e6b5f7472616e736665725f636f6e666967c3410741b91f7b2272656368617267655f7669705f736f6372655f70657263656e7461676522093a3130302c22666c6f77e00e1f201d1277697468647261775f70726f706f7274696f6e2037e0011709616c5f636f6d6d6973736019e002310957617264223a5b7b2269200620310576616c223a3540710a63757272656e63795479702084062242524c227d2c80270032a0272099204ae012280033a0280032e017280034a0280033e01028005de001cd054368616e6e6520a7055b2270697822e0021904476f6f6473201780a620ce02736f752148211601696320c4003440ae0074416a0074e00412c0c1015f7460eb20d3e00008610f60370573696c76657221470069215b03307d5d7d0d6e6f746963655f636f6e666967c33f404e1e7b22766970456e74657248616c6c4e6f746963654c6576656c223a312c226e600f0b53797374656d436f6e74726fe009170453636f7265202d033030307d0b72616e6b5f636f6e666967c340af41550f7b2272616e6b526174696f223a36302ce0010e0e576569676874223a7b22636f696e522025c01160260665636861726765e003170033203e0562696757696ec0290231307de002510454696d6573e0035004666c757368401540292028e00253e0021a0033c055e002130031e00357024c697320a7005b209620810231305d204920ad60d30453746172744061e00477e0001520480537323239363080002038e00282e0112580e4e00f1f017d7d0f62616e6b727570745f636f6e666967207b22427573745f74696d6573223a332c22427573745f426f6e7573223a32307d0a7669705f636f6e666967c342e34b3b1f7b2272656368617267655f7669705f736f6372655f70657263656e7461676522093a3130302c22666c6f77e0101f102c226c6576656c436f6e666967223a5b7b800f01223a201920530353636f722047200c0b6461696c79476574476f6c6460100d7570677261646547697665476c6f8013046d6f6e7468e0052602747572208c0c626c6547616d6541646452617420506098046c75636b79404fe005166069035369676e607ce0051b0273686f8093e005160e676c6f62616c42726f616463617374609f20bd0b50726f66696c6550686f746fe00b13014672209360180b62616e6b5472616e736665726010077769746864726177e0040c045f72617469204920bd017d2ce100290031606b60ac02223a33417160c1e1002b202de1091900354014e10842202a202be10f320035e10d3220166070e10b32201be10b3220b2e11c322027e10646e13d3200326057a13280f460c2e100336146e2074d0032611de1083400346016e10e3462e1e2096740166071e10a34401be10b3420b4e14634215ee20167e0020ce20d670033e10334810b60c2e100340036423ce10734811de108340038e1133400322284e10a3440166071e10a34401be10b3420b4e1083420e9e20655e00b13a269202ce3059c2010e122340034606ba269237420d960c2e100348148e107358029e1083542aa2041e20e6b0033201ae10a3640166073e10a36401be18b36243721a2a136a0f560c3e100378257e107370031e10f388017e10e380034e10d3840166074e10a38401be10b3820b8e2746f0036e10338425b20da60c3e100388379e1073824f0402ae20871a017e10e380036205de20a7140166074e10a38401be10b3820b8e174380037e10338422d20da60c3e100380032414ee10939a02be1083942a0202ee10e390038201ae10a3940166075e10a39401be10b3920b9e174390038e1033963ab20db60c4e1003aa10be20774c02ce1083b41694045e10d3c201de10b3c60166077e1093c601be1093c6016e16a3c015d7d16696e766974655f646f776e6c6f61645f636f6e666967c340a740f01f7b22646f776e6c6f61645f75726c223a2268747470733a2f2f696e6469612d730d6c6f74732d63646e2e706f6b6572400e1b67616d652e636f6d2f61706b2f5245414c5f3737375f534c4f54532e201212222c227265776172645f6167656e74223a3330e005110c5f6f6e6365223a5b7b227479702008e0001e06223a3230307d2cc0170031c036200a2017005dc00e075f696e7669746565e012470031e00d4603357d5d7d0b00b35ce6c793d7ba08
6a61636b706f74,001739393334362e32353530303030303030343336393338330b00cc92b790bea49a06
6a61636b706f74436f6e666967,00c341d243591f7b226a61636b706f745f726174696f223a7b2267616d65223a3130302c2261630a746976697479223a307d2c6018005fe0062e035b7b226e602f13226d696e69e5a596e6b1a0e6af94e4be8b222c22a05202357d2ce00325016f72e00d2600312063e0012701616ae00f270032e00327046772616e64e0034f0020e001770336357d5de001c3e007b9087b227369676e496e52c0f7a0c70be7adbee588b0e6b4bbe58aa8e00358205704746f74616ca02f20840a226e65774163636f756e74a014e0004405e696b0e6898be01944052c226c6f6769c0830035200f205303506f74652178006fe00116206b02766970e0076402564950e01b61076576657279646179a03e003120646012046d6f6e7468a01400342014017570214c016465a011607402667265c00fe000da0be5858de8b4b9e98791e5b881e0187e40d1077475726e7461626cc04901393920f50775636b79476f6c64a06d01317d20e2c25a006c209e006c625aa011201f00304000052c2270726f7020554228e0001b0032401ae0001b8245e0001c0035201ae0011c823ae0001c0038201ae0011c013330422ea01c035f706179e00088005b207e002c6001065d2c5b37302c33c00b0036600b2151401820eb003260020431305d5d7d0b00f90799dfbe8ba24d
6e657748616e644775696465466c6f77,0438c1cf3ac3405040c5105b7b226f72646572223a312c22747970656008096c617374506f70446174400f0737313735313638304000017d2ce000300032c0302008e01c300033c0302008e01c300034c0302008e01130017d5dc1ad3ac3404f40c5105b7b226f72646572223a312c22747970656008096c617374506f70446174400f06373136393132306000017d2ce000300032c0302008e01c300033c0302008e01c300034c0302008e01130017d5dc1af3ac3404e40c5105b7b226f72646572223a312c22747970656008096c617374506f70446174400f003760010132304000017d2ce000300032c0302008e01c300033c0302008e01c300034c0302008e01130017d5dc1d23ac340474094105b7b226f72646572223a312c22747970656008096c617374506f70446174400f0737313736303332304000017d2ce000300033c0302008e01c300034c0302008e01130017d5dc1ac3ac3405040c5105b7b226f72646572223a312c22747970656008096c617374506f70446174400f0737313638323536304000017d2ce000300032c0302008e01c300033c0302008e01c300034c0302008e01130017d5dc1d63ac3405040c5105b7b226f72646572223a312c22747970656008096c617374506f70446174400f0737313736303332304000017d2ce000300032c0302008e01c300033c0302008e01c300034c0302008e01130017d5dc1e23ac3405040c5105b7b226f72646572223a312c22747970656008096c617374506f70446174400f0737313832393434304000017d2ce000300032c0302008e01c300033c0302008e01c300034c0302008e01130017d5dc1e13ac340464094105b7b226f72646572223a312c22747970656008096c617374506f70446174400f06373138323038306000017d2ce000300033c0302008e01c300034c0302008e01130017d5dc1df3ac3405040c5105b7b226f72646572223a312c22747970656008096c617374506f70446174400f0737313736383936304000017d2ce000300032c0302008e01c300033c0302008e01c300034c0302008e01130017d5dc19c3ac3405040c5105b7b226f72646572223a312c22747970656008096c617374506f70446174400f0737313638323536304000017d2ce000300032c0302008e01c300033c0302008e01c300034c0302008e01130017d5dc1c23ac3405040c5105b7b226f72646572223a312c22747970656008096c617374506f70446174400f0737313730383438304000017d2ce000300032c0302008e01c300033c0302008e01c300034c0302008e01130017d5dc1c13ac3405a40f6105b7b226f72646572223a302c22747970656008096c617374506f70446174200f083137313639393834304000017d2ce000300031c0302008e01c300032c0302008e01c300033c0302008e01c300034c0302008e01130017d5dc1d03ac3405a40f6105b7b226f72646572223a302c22747970656008096c617374506f70446174200f083137313734333034304000017d2ce000300031c0302008e01c300032c0302008e01c300033c0302008e01c300034c0302008e01130017d5dc1bc3ac3405040c5105b7b226f72646572223a312c22747970656008096c617374506f70446174400f0737313730383438304000017d2ce000300032c0302008e01c300033c0302008e01c300034c0302008e01130017d5dc1b43ac3405040c5105b7b226f72646572223a312c22747970656008096c617374506f70446174400f0737313639393834304000017d2ce000300032c0302008e01c300033c0302008e01c300034c0302008e01130017d5dc1dd3ac3405040c5105b7b226f72646572223a312c22747970656008096c617374506f70446174400f0737313736383936304000017d2ce000300032c0302008e01c300033c0302008e01c300034c0302008e01130017d5dc1b13ac3405040c5105b7b226f72646572223a312c22747970656008096c617374506f70446174400f0737313639393834304000017d2ce000300032c0302008e01c300033c0302008e01c300034c0302008e01130017d5dc1db3ac3405040c5105b7b226f72646572223a312c22747970656008096c617374506f70446174400f0737313736383936304000017d2ce000300032c0302008e01c300033c0302008e01c300034c0302008e01130017d5dc1c63ac3405a40f6105b7b226f72646572223a302c22747970656008096c617374506f70446174200f083137313734333034304000017d2ce000300031c0302008e01c300032c0302008e01c300033c0302008e01c300034c0302008e01130017d5dc1ba3ac3405040c5105b7b226f72646572223a312c22747970656008096c617374506f70446174400f0737313730383438304000017d2ce000300032c0302008e01c300033c0302008e01c300034c0302008e01130017d5dc1ca3ac3405040c5105b7b226f72646572223a312c22747970656008096c617374506f70446174400f0737313735313638304000017d2ce000300032c0302008e01c300033c0302008e01c300034c0302008e01130017d5dc1c83ac3405a40f6105b7b226f72646572223a302c22747970656008096c617374506f70446174200f083137313734333034304000017d2ce000300031c0302008e01c300032c0302008e01c300033c0302008e01c300034c0302008e01130017d5dc1d73ac3405040c5105b7b226f72646572223a312c22747970656008096c617374506f70446174400f0737313736303332304000017d2ce000300032c0302008e01c300033c0302008e01c300034c0302008e01130017d5dc1d93ac3405a40f6105b7b226f72646572223a302c22747970656008096c617374506f70446174200f083137313735313638304000017d2ce000300031c0302008e01c300032c0302008e01c300033c0302008e01c300034c0302008e01130017d5dc1d53ac3405040c5105b7b226f72646572223a312c22747970656008096c617374506f70446174400f0737313736303332304000017d2ce000300032c0302008e01c300033c0302008e01c300034c0302008e01130017d5dc1e03ac3405040c5105b7b226f72646572223a312c22747970656008096c617374506f70446174400f0737313736383936304000017d2ce000300032c0302008e01c300033c0302008e01c300034c0302008e01130017d5dc1d83ac3405040c5105b7b226f72646572223a312c22747970656008096c617374506f70446174400f0737313736303332304000017d2ce000300032c0302008e01c300033c0302008e01c300034c0302008e01130017d5dc1b33ac3405040c5105b7b226f72646572223a312c22747970656008096c617374506f70446174400f0737313730383438304000017d2ce000300032c0302008e01c300033c0302008e01c300034c0302008e01130017d5dc1cb3ac3405040c5105b7b226f72646572223a312c22747970656008096c617374506f70446174400f0737313735313638304000017d2ce000300032c0302008e01c300033c0302008e01c300034c0302008e01130017d5dc1c43ac3404e40c5105b7b226f72646572223a312c22747970656008096c617374506f70446174400f003760010132304000017d2ce000300032c0302008e01c300033c0302008e01c300034c0302008e01130017d5dc1de3ac3405a40f6105b7b226f72646572223a302c22747970656008096c617374506f70446174200f083137313736303332304000017d2ce000300031c0302008e01c300032c0302008e01c300033c0302008e01c300034c0302008e01130017d5dc1d33ac3405040c5105b7b226f72646572223a312c22747970656008096c617374506f70446174400f0737313735313638304000017d2ce000300032c0302008e01c300033c0302008e01c300034c0302008e01130017d5dc1bd3ac3405040c5105b7b226f72646572223a312c22747970656008096c617374506f70446174400f0737313730383438304000017d2ce000300032c0302008e01c300033c0302008e01c300034c0302008e01130017d5dc1c53ac3405040c5105b7b226f72646572223a312c22747970656008096c617374506f70446174400f0737313735313638304000017d2ce000300032c0302008e01c300033c0302008e01c300034c0302008e01130017d5dc1b83ac3405040c5105b7b226f72646572223a312c22747970656008096c617374506f70446174400f0737313730383438304000017d2ce000300032c0302008e01c300033c0302008e01c300034c0302008e01130017d5dc1b73ac3405940f6105b7b226f72646572223a302c22747970656008096c617374506f70446174200f0731373136393132306000017d2ce000300031c0302008e01c300032c0302008e01c300033c0302008e01c300034c0302008e01130017d5dc1b53ac3405040c5105b7b226f72646572223a312c22747970656008096c617374506f70446174400f0737313730383438304000017d2ce000300032c0302008e01c300033c0302008e01c300034c0302008e01130017d5dc1da3ac3405a40f6105b7b226f72646572223a302c22747970656008096c617374506f70446174200f083137313736303332304000017d2ce000300031c0302008e01c300032c0302008e01c300033c0302008e01c300034c0302008e01130017d5dc1b63ac3404f40c5105b7b226f72646572223a312c22747970656008096c617374506f70446174400f06373136393132306000017d2ce000300032c0302008e01c300033c0302008e01c300034c0302008e01130017d5dc1dc3ac3405040c5105b7b226f72646572223a312c22747970656008096c617374506f70446174400f0737313736383936304000017d2ce000300032c0302008e01c300033c0302008e01c300034c0302008e01130017d5dc1d13ac3405040c5105b7b226f72646572223a312c22747970656008096c617374506f70446174400f0737313736303332304000017d2ce000300032c0302008e01c300033c0302008e01c300034c0302008e01130017d5dc1ce3ac3405a40f6105b7b226f72646572223a302c22747970656008096c617374506f70446174200f083137313734333034304000017d2ce000300031c0302008e01c300032c0302008e01c300033c0302008e01c300034c0302008e01130017d5dc1ae3ac3405a40f6105b7b226f72646572223a302c22747970656008096c617374506f70446174200f083137313638323536304000017d2ce000300031c0302008e01c300032c0302008e01c300033c0302008e01c300034c0302008e01130017d5dc1cc3ac3405a40f6105b7b226f72646572223a302c22747970656008096c617374506f70446174200f083137313734333034304000017d2ce000300031c0302008e01c300032c0302008e01c300033c0302008e01c300034c0302008e01130017d5dc1d43ac3405040c5105b7b226f72646572223a312c22747970656008096c617374506f70446174400f0737313735313638304000017d2ce000300032c0302008e01c300033c0302008e01c300034c0302008e01130017d5dc1be3ac3405040c5105b7b226f72646572223a312c22747970656008096c617374506f70446174400f0737313730383438304000017d2ce000300032c0302008e01c300033c0302008e01c300034c0302008e01130017d5dc1cd3ac3405a40f6105b7b226f72646572223a302c22747970656008096c617374506f70446174200f083137313734333034304000017d2ce000300031c0302008e01c300032c0302008e01c300033c0302008e01c300034c0302008e01130017d5dc1b93ac3405040c5105b7b226f72646572223a312c22747970656008096c617374506f70446174400f0737313730383438304000017d2ce000300032c0302008e01c300033c0302008e01c300034c0302008e01130017d5dc1b03ac3405040c5105b7b226f72646572223a312c22747970656008096c617374506f70446174400f0737313639393834304000017d2ce000300032c0302008e01c300033c0302008e01c300034c0302008e01130017d5dc1c33ac3405040c5105b7b226f72646572223a312c22747970656008096c617374506f70446174400f0737313730383438304000017d2ce000300032c0302008e01c300033c0302008e01c300034c0302008e01130017d5dc1c03ac3404e40c5105b7b226f72646572223a312c22747970656008096c617374506f70446174400f003760010132304000017d2ce000300032c0302008e01c300033c0302008e01c300034c0302008e01130017d5dc1bf3ac3405040c5105b7b226f72646572223a312c22747970656008096c617374506f70446174400f0737313730383438304000017d2ce000300032c0302008e01c300033c0302008e01c300034c0302008e01130017d5dc1c73ac3405040c5105b7b226f72646572223a312c22747970656008096c617374506f70446174400f0737313735313638304000017d2ce000300032c0302008e01c300033c0302008e01c300034c0302008e01130017d5dc1bb3ac3405040c5105b7b226f72646572223a312c22747970656008096c617374506f70446174400f0737313730383438304000017d2ce000300032c0302008e01c300033c0302008e01c300034c0302008e01130017d5dc1b23ac3405940f6105b7b226f72646572223a302c22747970656008096c617374506f70446174200f0731373136393132306000017d2ce000300031c0302008e01c300032c0302008e01c300033c0302008e01c300034c0302008e01130017d5dc1c93ac3405a40f6105b7b226f72646572223a302c22747970656008096c617374506f70446174200f083137313734333034304000017d2ce000300031c0302008e01c300032c0302008e01c300033c0302008e01c300034c0302008e01130017d5d0b00f365326242a5c5cf
6e65776269657250617274,0415c1d53a025b5dc1e03ac3406540c1035b332c302001c005800702302c35200380010032200702362c3420058001802302322c31200940110033200940238009c027803f0033e000190032200b0033e0001d0030e00009403b803dc0014055402b4063804d400b4003c0014071400b403901305dc1b33a025b5dc1cb3a025b5dc1c43ac340504093035b302c33200104302c322c316007400f0031200dc0090034600902302c352003401bc0190032202d0033e0001d0030e00009403b8023c001405d402b4063804d400b4003c0014071400b403901305dc1df3ac3406540c1035b332c302001c005800702302c35200380010032200702362c3420058001802302322c31200940110033200940238009c027803f0033e000190032200b0033e0001d0030e00009403b803dc0014055402b4063804d400b4003c0014071400b403901305dc1de3ac3405e40af055b302c302c35200380010032200702362c342005800100332001401500316007400f003160238009c027803f0033e000190032200b0033e0001d0030e00009403b4061e00101405d402b4063804d400b4003c0014071400b403901305dc1c23ac3314049025b302c400102312c3220014009c00100332009003320010030201700342005400d8003c00100332035400b403901305dc1d03a025b5dc1bc3ac340444075055b312c342c3060010035600502332c32e0000700332001c01d0030e00009003120218023c00100332009402b00302017802f400b4003c00100332035400b403901305dc1b63ac3222d095b332c332c302c322c3420050030600b400fc00102332c31600b0032200101305dc1d13a025b5dc1db3ac3406540b9055b302c302c332001400702302c35200380010032200702362c3420058001802302322c31200940110033200940238009c027803f0033e000190032200b0033e0001d0030e00009403b803dc0014055402b4063804d400b4003c0014071400b403901305dc1ba3a025b5dc1ca3ac3405340a3095b302c322c302c362c342005800100332001401500316007400f003160238009c0270035200f4011403d80074037c01d0030e00009403b8023c001405d402b4063802f400b4003c0014071400b403901305dc1b03ac31e29075b302c322c342c3020010033a003c00102332c31600b0032200101305dc1c33ac34048407b095b302c302c332c312c34200740010035600502332c32e0000700332001c01d0030e00009003120218023c00100332009402b00302017802f400b4003c0014067400b403901305dc1bf3ac3405f40b1025b302c40010035600540010032200502362c342005800100332001401500316007400f003160238009c027803f0033e000190032200b0033e0001d0030e00009403b4061e00101405d402b4063804d400b4003c0014071400b403901305dc1c03a025b5dc1bb3ac3404b407f055b312c322c30200104332c312c3420074001003560050033e000190032200b0033e0001d0030e00009403b803dc00100332009402b00302017804d400b4003c0014067400b403901305dc1b23ac3406540b9055b302c302c332001400702302c35200380010032200702362c3420058001802302322c31200940110033200940238009c027803f0033e000190032200b0033e0001d0030e00009403b803dc0014055402b4063804d400b4003c0014071400b403901305d0b0031147b66fd77bdf3
6e6f746966794d7367,00c3409741351f5b7b2274797065223a332c22636f6e74656e745f6964223a227030303031222c0222657820132010157b227669704c6576656c223a322c226e69636b4e616d20380b225553455234363634333037202f047573657249202f0731353037317d7d2ce05f5f0031e00abf0032208fe001bf046375727256e000c3202f026f6c64e0010f0030e005ba210ee008e2023237332052027d7d5d0b006f082ca4c63460b5
706c617947616d654265745265636f7264,10c3416943d118d10300003000f1b03a039f7b22746f74616c426574223a302ca00c0261636b8010037d20f1b2e01b2403b33a03a6e0034902343438e0074b09353733342e397d27f1bae0062b02313037e0072b043137362e37402b00b6e01b7c00bbe01b2400bce01b2400bfe01b2403c03a03a7e003eb013132e008eb0a313231302e34367d28f1c2e01b5100c3e01b2400c4e01b2403ca3a03a4e0039b013934e1075a0835393132367d25f1cbe006290331313632e0072b02383735202903cf3a03a9e00353043232323830e2082a0c3136393230307d2af1d03a03a3e0032e013138e00857206b067d24f1d13a03a8e003280333313933e007810d323638322e30327d29f1d23a03ace0042d043534363535e0082f0b37373033372e34377d2df1d3e106a70334313038e008b6033239363941a703d53a03a5e0035e013135e0082a0835302e30357d26f1dbe11b8800dee01b2400dfe00624e108ac0031237f00e0e00624e0089723a400ff0b0018e310400bcf3905
736572766572436f6e666967,10353500000002008375726c04a77b2268616c6c55726c223a22687474703a2f2f3139322e3136382e302e32313a3133303030227d28ff0b00c3bafc1b9aea91b0
73696c7665724a61636b706f74,00c240420f000b00262a5627fa97628a
73696c7665724a61636b706f74436f6e666967,00c3410b41cd1f7b226a61636b706f745f726174696f223a7b226163746976697479223a313030017d2ce0000f005fe00829067369676e496e52c0381f6e616d65223a22e7adbee588b0e6b4bbe58aa8e5a596e6b1a0e6af94e4be8b22062c22746f74616ca02f405a096e65774163636f756e74a014e0004405e696b0e6898be01944052c226c6f6769c0830035200f205303506f746520c4006fe0011620c602766970e0076402564950e01b61076576657279646179a03e003120646012046d6f6e7468a014003420140675706772616465a011607402667265c00fe000da0be5858de8b4b9e98791e5b881e0187e4057077475726e7461626cc049219620f60775636b79476f6c64a06e03317d7d7d0b0042db7e546c2178d7
73797342616c616e6365476f6c64,00c0000b00f19f1a0b05cfea81
75736572506c617947616d65436f756e74,1040a1a10000003000f1b03a035001f1b23a030801f1b33a03c14302f1ba3a03c0cf02f1b63a034e01f1bb3a032501f1bc3a032a01f1bf3a030c01f1c03a03c0a302f1c23a034001f1c33a032701f1c43a031b01f1ca3a037201f1cb3a03c4fc02f1cf3a03c50302f1d03a03c11a02f1d13a03c97a02f1d23a03c3ac02f1d33a03c10e02f1d53a03c0c802f1db3a030801f1de3a030d01f1df3a030801f1e03a030401ff0b0063119e334e6cd8a4
75736572506c617947616d6557696e53636f7265,10c340ce40d31cd30000003000f1b03a03dd9202f1b23a03dfb002f1b33a03de6202f1b6200d03a002f1ba2006201b00bb200603da02f1bc20060fe702f1c03a03862d3135372e3507f1bf201203f402f1c2200603ca02f1c3200603dc02f1c4200613dd02f1ca3a03f2a01e0104f1cb3a03c22002f1cf400f0460ff04f1d0200f0d8d02f1d13a03913731332e323530e00000173512f1d23a038736363037312e3308f1d33a03cdc802f1d520721f3931312e353307f1db3a038433322e3505f1de3a034e01f1df3a030b01f1e03a03031001ff0b00dd45fd042ad92dc7